PMID,h_all_countries,a_all_countries,match,check
32597467,NA,Australia,NA,A found
33553941,NA,Brazil,NA,A found
33095862,NA,"c(""Brazil"", ""Australia"", ""United_States"")",NA,A found
33245771,NA,"c(""Canada"", "" "")",NA,A found
33929018,NA,"c(""South_Africa"", ""Saudi_Arabia"")",NA,A found
34060868,NA,"c(""United_States"", ""France"")",NA,A found
33897975,NA,"c(""United_States"", ""United_Kingdom"")",NA,A found
33416864,NA,Czechia,NA,A found
33166383,NA,Czechia,NA,A found
33768085,NA,Czechia,NA,A found
33980298,NA,Czechia,NA,A found
34244700,NA,Czechia,NA,A found
34019656,NA,Czechia,NA,A found
34289329,NA,Italy,NA,A found
33843105,NA,Russia,NA,A found
33952332,NA,South_Africa,NA,A found
33245777,NA,South_Korea,NA,A found
34081565,NA,South_Korea,NA,A found
33494129,NA,South_Korea,NA,A found
34038437,NA,South_Korea,NA,A found
34220930,NA,United_Kingdom,NA,A found
33386221,NA,United_States,NA,A found
34029142,NA,United_States,NA,A found
32396365,NA,United_States,NA,A found
32435678,NA,United_States,NA,A found
33554860,NA,United_States,NA,A found
33769951,NA,United_States,NA,A found
33193550,NA,United_States,NA,A found
33667090,NA,United_States,NA,A found
34165986,NA,United_States,NA,A found
33175872,NA,United_States,NA,A found
34152132,NA,United_States,NA,A found
33780471,NA,United_States,NA,A found
32330167,NA,United_States,NA,A found
34016708,NA,United_States,NA,A found
34167460,NULL,"c(""Spain"", ""Germany"", ""United_States"", ""Sweden"")",NOT MATCH,A found
32140729,United_States, ,NOT MATCH,H found
34104972,"c(""Japan"", ""Canada"", ""Ireland, United_Kingdom"")","c(""Japan"", ""Canada"", ""United_Kingdom"")",MATCH,NOT MATCH
33889687,Argentina,Argentina,MATCH,
33326008,Australia,Australia,MATCH,
33759252,Austria,Austria,MATCH,
34310736,Austria,Austria,MATCH,
33495705,Austria,Austria,MATCH,
32324748,Bangladesh,Bangladesh,MATCH,
32508104,Belgium,Belgium,MATCH,
33311384,Brazil,Brazil,MATCH,
34325658,Brazil,Brazil,MATCH,
33821874,Brazil,Brazil,MATCH,
30874795,Brazil,Brazil,MATCH,
33546584,Brazil,Brazil,MATCH,
34264745,Brazil,Brazil,MATCH,
34147352,Brazil,"c(""Brazil"", "" "")",MATCH,
32507889,"c(""Argentina"", ""Germany"", ""United_Kingdom"")","c(""Argentina"", ""Germany"", ""United_Kingdom"")",MATCH,
33095594,"c(""Armenia"", ""Austria"", ""Belarus"", ""Belgium"", ""Brazil"", ""Bulgaria"", ""China"", ""Colombia"", ""Croatia"", ""Cyprus"", NA, ""Ecuador"", ""Egypt"", ""Estonia"", ""Finland"", ""France"", ""Georgia"", ""Germany"", ""Greece"", ""Hungary"", ""India"", ""Iran"", ""Ireland"", ""Italy"", ""Latvia"", ""Lithuania"", ""Malaysia"", ""Mexico"", ""Montenegro"", ""Pakistan"", ""Poland"", ""Portugal"", ""Russia"", ""Serbia"", ""Spain"", ""Switzerland"", ""Taiwan"", ""Thailand"", ""Turkey"", ""Ukraine"", ""United_States"", ""Jersey, United_States"", ""Jersey, Jersey, United_States, , ""
)","c(""Armenia"", ""Austria"", ""Belarus"", "" "", ""Belgium"", ""Brazil"", ""Bulgaria"", ""China"", ""Colombia"", ""Croatia"", ""Cyprus"", ""Czechia"", ""Ecuador"", ""Egypt"", ""Estonia"", ""Finland"", ""France"", ""Georgia"", ""Germany"", ""Greece"", ""Hungary"", ""India"", ""Iran"", ""Ireland"", ""Italy"", ""South_Korea"", ""Latvia"", ""Malaysia"", ""Mexico"", ""Montenegro"", ""New_Zealand"", ""Pakistan"", ""Poland"", ""Portugal"", ""Russia"", ""Serbia"", ""Spain"", ""Sri_Lanka"", ""Switzerland"", ""Taiwan"", ""Thailand"", ""Turkey"", ""Ukraine"", ""United_Kingdom"", ""United_States""
)",NOT MATCH,
31679514,"c(""Australia"", ""Canada"", ""United_States"")","c(""Australia"", ""Canada"", ""United_States"")",MATCH,
34296749,"c(""Australia"", ""China"")","c(""Australia"", ""China"")",MATCH,
33121433,"c(""Australia"", ""China"")","c(""Australia"", ""China"")",MATCH,
33119075,"c(""Australia"", ""Ireland"", ""Italy"")","c(""Australia"", ""Ireland"", ""Italy"")",MATCH,
33212503,"c(""Australia"", ""United_States"", ""Japan"")","c(""Australia"", ""United_States"", "" "")",MATCH,
33305318,"c(""Belgium"", ""Argentina"", ""Germany"", ""Italy"", ""France"", ""Portugal"", ""Sweden"", ""Canada"", ""United_States"", ""United_Kingdom"", ""Hungary"")","c(""Belgium"", ""Argentina"", ""Germany"", ""Italy"", ""France"", ""Portugal"", ""Sweden"", ""Canada"", ""United_States"", ""United_Kingdom"", ""Hungary"")",MATCH,
32415965,"c(""Belgium"", ""France"")","c(""Belgium"", ""France"")",MATCH,
33776770,"c(""Belgium"", NA)","c(""Belgium"", ""United_Kingdom"")",NOT MATCH,
34025412,"c(""Cameroon"", ""Austria"")","c(""Cameroon"", ""Austria"")",MATCH,
33125652,"c(""Canada"", ""Belgium"", ""Norway"", ""United_Kingdom"")","c(""Canada"", ""Belgium"", ""Norway"", "" "")",NOT MATCH,
33765325,"c(""Canada"", ""China"")","c(""Canada"", ""China"")",MATCH,
34154643,"c(""Canada"", ""Germany"", ""United_States"", ""France"", ""United_Kingdom"", ""Sweden"")","c(""Canada"", ""Germany"", ""United_States"", ""France"", ""United_Kingdom"", ""Sweden"")",MATCH,
32926121,"c(""Canada"", ""United_States"")","c("" "", ""Canada"", ""United_States"")",MATCH,
34192666,"c(""Canada"", ""United_States"")","c(""Canada"", ""United_States"")",MATCH,
33331653,"c(""Chile"", NA, ""Germany"", ""Poland"", ""Australia"", ""Denmark"", ""France"", ""Ireland"", ""United_States"", ""United_Kingdom"", ""Netherlands"")","c(""Chile"", ""New_Zealand"", ""Germany"", ""Poland"", ""Australia"", ""Denmark"", ""France"", "" "", ""United_States"", ""United_Kingdom"", ""Netherlands"")",NOT MATCH,
33221906,"c(""China"", ""Australia"")","c(""China"", ""Australia"")",MATCH,
34157965,"c(""China"", ""Ethiopia"", ""Senegal"", ""Benin"")","c(""China"", ""Ethiopia"", ""Senegal"", ""Benin"")",MATCH,
34078215,"c(""China"", ""Finland"")","c(""China"", ""Finland"")",MATCH,
33735949,"c(""China"", ""Germany"")","c(""China"", ""Germany"")",MATCH,
33119759,"c(""China"", ""Japan"", NA, ""Spain"", ""Russia"", ""United_Kingdom"", ""Hungary"", ""Thailand"", ""Mexico"", ""United_States"", ""Belgium"")","c(""China"", "" "", ""Japan"", ""South_Korea"", ""Czechia"", ""Spain"", ""Russia"", ""New_Zealand"", ""United_Kingdom"", ""Hungary"", ""Thailand"", ""Mexico"", ""United_States"", ""Belgium"")",NOT MATCH,
33417691,"c(""China"", ""Kenya"")","c(""China"", ""Kenya"")",MATCH,
34256256,"c(""China"", ""Pakistan"")","c(""China"", ""Pakistan"")",MATCH,
33882119,"c(""China"", ""Pakistan"")","c(""China"", ""Pakistan"")",MATCH,
33079992,"c(""China"", ""Singapore"", ""United_States"")","c(""China"", ""Singapore"", ""United_States"")",MATCH,
34194678,"c(""China"", ""Spain"")","c(""China"", ""Spain"")",MATCH,
33330918,"c(""China"", ""Sweden"")","c(""China"", ""Sweden"")",MATCH,
33084905,"c(""China"", ""United_Kingdom"", ""Mexico"")","c(""China"", ""United_Kingdom"", ""Mexico"")",MATCH,
33109630,"c(""China"", ""United_States"", ""Australia"")","c(""China"", ""United_States"", ""Australia"")",MATCH,
32433469,"c(""China"", ""United_States"")","c(""China"", ""United_States"")",MATCH,
33313674,"c(""China"", ""United_States"")","c(""China"", ""United_States"")",MATCH,
34225788,"c(""China"", ""United_States"")","c(""China"", ""United_States"")",MATCH,
34260718,"c(""China"", ""United_States"")","c(""China"", ""United_States"")",MATCH,
33010154,"c(""China"", ""United_States"")","c(""China"", ""United_States"")",MATCH,
32621601,"c(""China"", ""United_States"")","c(""China"", ""United_States"")",MATCH,
33181824,"c(""China"", NA, ""Australia"")","c(""China"", ""Australia"")",MATCH,
33103271,"c(""China"", NA, ""United_States"", ""Germany"", ""France"")","c(""China"", ""South_Korea"", ""United_States"", ""Germany"", ""France"")",NOT MATCH,
34345532,"c(""China"", NA)","c(""China"", "" "")",MATCH,
33401309,"c(""China"", NA)","c(""China"", "" "")",MATCH,
34251213,"c(""China"", NA)","c(""China"", ""United_States"")",NOT MATCH,
33968730,"c(""China"", NA)","c(""China"", ""United_States"")",NOT MATCH,
34122478,"c(""China"", NA)","c(""China"", ""United_States"")",NOT MATCH,
34004273,"c(""France"", ""Australia"", ""Australia, United_Kingdom"")","c(""France"", ""Australia"", ""United_Kingdom"")",MATCH,
33709443,"c(""France"", ""Belgium"")","c(""France"", ""Belgium"")",MATCH,
33216899,"c(""France"", ""Colombia"", ""Madagascar"", ""India"")","c(""France"", ""Colombia"", ""Madagascar"", ""India"")",MATCH,
34156446,"c(""France"", ""Portugal"", ""China"")","c(""France"", ""Portugal"", ""China"")",MATCH,
33981815,"c(""France"", ""Switzerland"", ""Belgium"")","c(""France"", ""Switzerland"", ""Belgium"")",MATCH,
33125079,"c(""France"", ""United_Kingdom"")","c(""France"", ""United_Kingdom"")",MATCH,
30371822,"c(""France"", ""United_States"")","c(""France"", ""United_States"")",MATCH,
33238003,"c(""France"", ""Uruguay"")","c(""France"", ""Uruguay"")",MATCH,
34159186,"c(""Germany"", ""Austria"")","c(""Germany"", ""Austria"")",MATCH,
33500403,"c(""Germany"", ""Denmark"", NA, ""Mexico"", ""United_States"", ""Norway"", ""Canada"", ""Italy"")","c(""Germany"", ""Denmark"", ""United_Kingdom"", ""Mexico"", ""United_States"", ""Norway"", ""Canada"", "" "", ""Italy"")",NOT MATCH,
32976589,"c(""Germany"", ""Denmark"")","c(""Germany"", ""Denmark"")",MATCH,
33683565,"c(""Germany"", ""Italy"", ""Belgium"")","c(""Germany"", ""Italy"", ""Belgium"")",MATCH,
33999203,"c(""Germany"", ""Luxembourg"", ""China"", ""Israel"", ""United_States"", ""Poland"", ""Australia"", ""Philippines"", NA)","c(""Germany"", ""Luxembourg"", ""China"", ""Israel"", ""United_States"", "" "", ""Australia"", ""Philippines"", ""South_Korea"")",NOT MATCH,
34052284,"c(""Germany"", ""Netherlands"")","c(""Germany"", ""Netherlands"")",MATCH,
33749993,"c(""Germany"", ""United_Kingdom"")","c(""Germany"", "" "", ""United_Kingdom"")",MATCH,
34302483,"c(""Germany"", ""United_Kingdom"")","c(""Germany"", ""United_Kingdom"")",MATCH,
33151297,"c(""Germany"", NA, ""Canada"", ""United_Kingdom"")","c(""Germany"", ""South_Africa"", ""Canada"", ""United_Kingdom"")",NOT MATCH,
33787284,"c(""Germany"", NA)","c(""Germany"", "" "", ""United_States"")",NOT MATCH,
33262341,"c(""Germany"", NA)","c(""Germany"", ""United_Kingdom"")",NOT MATCH,
33963869,"c(""Greece"", ""Germany"", ""United_Kingdom"")","c(""Greece"", ""Germany"", ""United_Kingdom"")",MATCH,
34174131,"c(""Greece"", ""Israel, United_States"", ""United_States"")","c(""Greece"", ""United_States"")",NOT MATCH,
32248568,"c(""Greece"", ""Netherlands"", ""Sweden"", NA)","c(""Greece"", ""Netherlands"", ""Sweden"", ""United_Arab_Emirates"")",NOT MATCH,
31829415,"c(""Hungary"", ""Australia"")","c(""Hungary"", ""Australia"")",MATCH,
33186585,"c(""Hungary"", ""Hungary, Germany"")","c(""Hungary"", ""Germany"")",MATCH,
33119751,"c(""Hungary"", ""Italy"")","c(""Hungary"", ""Italy"")",MATCH,
33797707,"c(""India"", ""Canada"")","c(""India"", ""Canada"")",MATCH,
34309639,"c(""India"", ""United_States"")","c(""India"", ""United_States"")",MATCH,
34025934,"c(""India"", ""United_States"")","c(""India"", ""United_States"")",MATCH,
33459764,"c(""India"", ""United_States"")","c(""India"", ""United_States"")",MATCH,
33863373,"c(""Iran"", ""United_States"")","c(""Iran"", ""United_States"")",MATCH,
33890543,"c(""Ireland"", ""Netherlands"", ""Finland"", ""Poland"", ""United_Kingdom"")","c(""Ireland"", ""Netherlands"", ""Finland"", ""Poland"", ""United_Kingdom"")",MATCH,
33950201,"c(""Ireland"", ""Russia"")","c(""Ireland"", "" "", ""Russia"")",MATCH,
33237329,"c(""Italy"", ""Argentina"", ""Belgium"", ""Hungary"", ""United_Kingdom"")","c(""Italy"", ""Argentina"", ""Belgium"", ""Hungary"", ""United_Kingdom"")",MATCH,
33237313,"c(""Italy"", ""Argentina"", ""Germany"", ""Peru"", ""France"")","c(""Italy"", ""Argentina"", ""Germany"", ""Peru"", ""France"")",MATCH,
34252246,"c(""Italy"", ""Belgium"", ""Hungary"")","c(""Italy"", ""Belgium"", ""Hungary"")",MATCH,
33045721,"c(""Italy"", ""Germany"")","c(""Italy"", ""Germany"")",MATCH,
34313401,"c(""Italy"", ""Switzerland"")","c(""Italy"", ""Switzerland"")",MATCH,
34061414,"c(""Italy"", ""Turkey"")","c(""Italy"", ""Turkey"")",MATCH,
34349127,"c(""Italy"", ""United_States"", ""Denmark"", ""Australia"")","c(""Italy"", ""United_States"", ""Denmark"", ""Australia"")",MATCH,
33740463,"c(""Japan"", ""Germany"", ""Jersey, Jersey, United_States, , "", ""United_States"", ""United_Kingdom, China, China, , "")","c(""Japan"", ""Germany"", ""United_States"", ""United_Kingdom"", ""China"")",NOT MATCH,
33166387,"c(""Japan"", ""United_States"", ""United_Kingdom"")","c(""Japan"", ""United_States"", ""United_Kingdom"")",MATCH,
33661371,"c(""Japan"", NA, ""China"")","c(""Japan"", ""Saudi_Arabia"", ""China"")",NOT MATCH,
33211864,"c(""Japan"", NA, ""Sweden"")","c(""Japan"", ""Sweden"")",MATCH,
34108585,"c(""Japan"", NA)","c(""Japan"", ""Saudi_Arabia"")",NOT MATCH,
34297749,"c(""Montenegro"", ""Italy"")","c(""Montenegro"", ""Italy"")",MATCH,
34242710,"c(""Netherlands, Sweden, Germany, , "", ""Netherlands"", ""Sweden"", ""Germany"")","c(""Netherlands"", ""Sweden"", ""Germany"")",NOT MATCH,
33010170,"c(""Netherlands"", ""Denmark"")","c(""Netherlands"", ""Denmark"")",MATCH,
33084889,"c(""Netherlands"", ""United_Kingdom"", ""Denmark"")","c(""Netherlands"", ""United_Kingdom"", ""Denmark"")",MATCH,
34174819,"c(""Norway"", ""United_States"")","c(""Norway"", ""United_States"")",MATCH,
33367605,"c(""Poland"", ""Germany"")","c(""Poland"", ""Germany"")",MATCH,
32592631,"c(""Poland"", ""United_States"")","c(""Poland"", ""United_States"")",MATCH,
33822911,"c(""Portugal"", ""Netherlands"")","c(""Portugal"", ""Netherlands"")",MATCH,
33929905,"c(""Singapore"", ""United_States"", ""China"", ""Canada"", ""Austria"")","c(""Singapore"", ""United_States"", ""China"", ""Canada"", ""Austria"")",MATCH,
33677064,"c(""Spain"", ""Italy"")","c(""Spain"", ""Italy"")",MATCH,
32792559,"c(""Spain"", ""Netherlands"", ""Australia"")","c(""Spain"", ""Netherlands"", ""Australia"")",MATCH,
34285236,"c(""Spain"", ""Portugal"", ""France"", ""Mexico"", ""Egypt"", ""Oman"")","c(""Spain"", ""Portugal"", ""France"", ""Mexico"", ""Egypt"", ""Oman"")",MATCH,
33084904,"c(""Spain"", ""United_States"", ""Italy"")","c(""Spain"", ""United_States"", ""Italy"")",MATCH,
33849075,"c(""Sweden"", ""China"", ""United_States"", ""France"", ""Turkey"", ""United_Kingdom"")","c(""Sweden"", ""China"", ""United_States"", ""France"", ""Turkey"", ""United_Kingdom"")",MATCH,
31831730,"c(""Sweden"", ""Denmark"", NA, ""United_Kingdom"")","c(""Sweden"", ""Denmark"", ""Costa_Rica"", ""United_Kingdom"")",NOT MATCH,
33237311,"c(""Switzerland"", ""Denmark"", ""Finland"", ""Germany"")","c(""Switzerland"", ""Denmark"", ""Finland"", ""Germany"")",MATCH,
34329395,"c(""Switzerland"", ""Germany"")","c(""Switzerland"", ""Germany"")",MATCH,
33174605,"c(""Switzerland"", ""India"", NA)","c(""Switzerland"", ""India"", ""United_Kingdom"")",NOT MATCH,
34259866,"c(""Taiwan"", ""China, Taiwan"")",Taiwan,NOT MATCH,
33750297,"c(""United_Kingdom"", ""Germany"", ""Argentina"", ""Sweden"", ""Serbia"", ""Israel"", ""Croatia"", ""Kenya"")","c(""United_Kingdom"", "" "", ""Germany"", ""Argentina"", ""Serbia"", ""Israel"", ""Croatia"", ""Kenya"")",NOT MATCH,
33156333,"c(""United_Kingdom"", ""Germany"", ""Switzerland"", ""United_States"", ""Italy"")","c(""United_Kingdom"", ""Germany"", ""Switzerland"", ""United_States"", ""Italy"")",MATCH,
33766657,"c(""United_Kingdom"", ""Germany"")","c(""United_Kingdom"", ""Germany"")",MATCH,
33753737,"c(""United_Kingdom"", ""Italy"", ""France"")","c(""United_Kingdom"", ""Italy"", ""France"")",MATCH,
33068406,"c(""United_Kingdom"", ""Italy"")","c(""United_Kingdom"", "" "")",MATCH,
33125078,"c(""United_Kingdom"", ""Sweden"", ""Italy"")","c(""United_Kingdom"", ""Sweden"", ""Italy"")",MATCH,
33211869,"c(""United_Kingdom"", ""United_States"", ""Germany"", ""France"")","c(""United_Kingdom"", ""United_States"", ""Germany"", "" "", ""France"")",MATCH,
33270111,"c(""United_Kingdom"", ""United_States"", ""Spain"", ""Switzerland"", ""Poland"")","c(""United_Kingdom"", ""United_States"", ""Spain"", ""Switzerland"", ""Poland"")",MATCH,
33045747,"c(""United_Kingdom"", ""United_States"")","c(""United_Kingdom"", ""United_States"")",MATCH,
34349739,"c(""United_Kingdom"", NA)",United_Kingdom,MATCH,
33021634,"c(""United_States"", ""Brazil"", NA)","c(""United_States"", ""Brazil"", ""Costa_Rica"")",NOT MATCH,
33245761,"c(""United_States"", ""Canada"", ""Ukraine"")","c(""United_States"", ""Canada"", ""Ukraine"")",MATCH,
34010390,"c(""United_States"", ""Canada"")","c(""United_States"", ""Canada"")",MATCH,
33772585,"c(""United_States"", ""Canada"")","c(""United_States"", ""Canada"")",MATCH,
33568057,"c(""United_States"", ""Chile"")","c(""United_States"", ""Chile"")",MATCH,
33849445,"c(""United_States"", ""Denmark"", ""China"")","c(""United_States"", ""Denmark"", ""China"")",MATCH,
33125055,"c(""United_States"", ""France"", ""Greece"", ""Netherlands"", NA)","c(""United_States"", ""France"", ""Greece"", ""Netherlands"", ""United_Arab_Emirates"")",NOT MATCH,
33514395,"c(""United_States"", ""Israel"")","c(""United_States"", ""Israel"")",MATCH,
34313872,"c(""United_States"", ""Japan"")","c(""United_States"", ""Japan"")",MATCH,
33156327,"c(""United_States"", ""Mexico, United_States"", ""Denmark"", ""Sweden"")","c(""United_States"", ""Denmark"", ""Sweden"")",NOT MATCH,
33313778,"c(""United_States"", ""Mexico"", NA)","c(""United_States"", ""Mexico"")",MATCH,
33068435,"c(""United_States"", ""Pakistan"", ""Australia"", ""China"", ""United_Kingdom"")","c(""United_States"", ""Pakistan"", ""Australia"", ""China"", ""United_Kingdom"")",MATCH,
34012763,"c(""United_States"", ""Pakistan"")","c(""United_States"", ""Pakistan"")",MATCH,
33953926,"c(""United_States"", ""Poland"", ""Austria"")","c(""United_States"", ""Poland"", ""Austria"")",MATCH,
33942461,"c(""United_States"", ""Slovenia"")","c(""United_States"", ""Slovenia"")",MATCH,
32986834,"c(""United_States"", ""Switzerland"", ""Denmark"")","c(""United_States"", ""Switzerland"", ""Denmark"")",MATCH,
34314492,"c(""United_States"", ""United_Kingdom"", ""Georgia, United_States"", ""Australia"")","c(""United_States"", ""Australia"", ""United_Kingdom"")",NOT MATCH,
33995899,"c(""United_States"", ""United_Kingdom"")","c(""United_States"", ""United_Kingdom"")",MATCH,
34090324,"c(""United_States"", NA)","c(""United_States"", "" "")",MATCH,
33279968,"c(""United_States"", NA)","c(""United_States"", ""Italy"", "" "", ""Argentina"")",NOT MATCH,
33110585,"c(""Vietnam"", NA)","c(""Vietnam"", ""South_Korea"")",NOT MATCH,
33997188,"c(NA, ""Austria"", ""India"")","c(""Czechia"", ""Austria"", "" "")",NOT MATCH,
33126250,"c(NA, ""China"")",China,MATCH,
33147622,"c(NA, ""China"")",China,MATCH,
32778890,"c(NA, ""China"")",China,MATCH,
33231677,"c(NA, ""Germany"")","c(""Russia"", ""Germany"")",MATCH,
34075103,"c(NA, ""Germany"")","c(""Saudi_Arabia"", ""Germany"")",NOT MATCH,
34061826,"c(NA, ""Germany"")","c(""United_States"", ""Germany"")",NOT MATCH,
32829394,"c(NA, ""India"", ""Singapore"")","c(""United_States"", ""India"", ""Singapore"")",NOT MATCH,
33151287,"c(NA, ""Mexico, United_States"", ""United_States"", ""Sweden"", ""Denmark"")","c(""Romania"", ""United_States"", ""Sweden"", ""Denmark"")",NOT MATCH,
33166149,"c(NA, ""Netherlands"", ""China"")","c(""United_States"", ""Netherlands"", ""China"", ""South_Africa"")",NOT MATCH,
34318869,"c(NA, ""Switzerland"")",Switzerland,MATCH,
32502232,"c(NA, ""United_States"")","c("" "", ""United_States"")",MATCH,
33342295,Canada,"c("" "", ""Canada"")",MATCH,
33735471,Canada,Canada,MATCH,
33968360,Canada,Canada,MATCH,
33599246,Canada,Canada,MATCH,
32436344,Canada,Canada,MATCH,
33313828,Canada,Canada,MATCH,
32997753,Chile,Chile,MATCH,
32702093,Chile,Chile,MATCH,
32990749,China,"c(""China"", "" "")",MATCH,
33515030,China,"c(""China"", "" "")",MATCH,
34022814,China,"c(""China"", "" "")",MATCH,
31599330,China,"c(""China"", "" "")",MATCH,
34339812,China,"c(""Macao"", ""China"")",NOT MATCH,
33837660,China,China,MATCH,
34273956,China,China,MATCH,
33685493,China,China,MATCH,
34335304,China,China,MATCH,
34113986,China,China,MATCH,
34037703,China,China,MATCH,
34164644,China,China,MATCH,
33147626,China,China,MATCH,
34344425,China,China,MATCH,
33306802,China,China,MATCH,
34085038,China,China,MATCH,
33984507,China,China,MATCH,
34175476,China,China,MATCH,
33906563,China,China,MATCH,
33010176,China,China,MATCH,
34120586,China,China,MATCH,
33993461,China,China,MATCH,
33074314,China,China,MATCH,
33095866,China,China,MATCH,
33068433,China,China,MATCH,
33219686,China,China,MATCH,
33151298,China,China,MATCH,
33511767,China,China,MATCH,
33275967,China,China,MATCH,
32941628,China,China,MATCH,
33416829,China,China,MATCH,
33216893,China,China,MATCH,
33581334,China,China,MATCH,
32591816,China,China,MATCH,
33399824,China,China,MATCH,
33137192,China,China,MATCH,
33985427,China,China,MATCH,
33010163,China,China,MATCH,
32871007,China,China,MATCH,
32766766,China,China,MATCH,
34179956,China,China,MATCH,
34214659,China,China,MATCH,
31799597,China,China,MATCH,
33686532,China,China,MATCH,
33999180,China,China,MATCH,
34156447,China,China,MATCH,
33193666,China,China,MATCH,
33719338,China,China,MATCH,
33010177,China,China,MATCH,
34263466,China,China,MATCH,
33927717,China,China,MATCH,
34244719,China,China,MATCH,
34013639,China,China,MATCH,
33359127,China,China,MATCH,
34154536,China,China,MATCH,
33406221,China,China,MATCH,
33219685,China,China,MATCH,
33965348,China,China,MATCH,
34007299,China,China,MATCH,
34122523,China,China,MATCH,
33045737,China,China,MATCH,
32990748,China,China,MATCH,
34305610,China,China,MATCH,
32472030,China,China,MATCH,
32820322,China,China,MATCH,
33203359,China,China,MATCH,
33418085,China,China,MATCH,
31495872,China,China,MATCH,
31642484,China,China,MATCH,
33539888,China,China,MATCH,
32025315,China,China,MATCH,
33045776,China,China,MATCH,
31584086,China,China,MATCH,
33068436,China,China,MATCH,
34224878,China,China,MATCH,
33306787,China,China,MATCH,
33247934,China,China,MATCH,
34183042,China,China,MATCH,
33981200,China,China,MATCH,
33662628,China,China,MATCH,
32487193,China,China,MATCH,
33657667,China,China,MATCH,
33045751,China,China,MATCH,
32055858,China,China,MATCH,
32294193,China,China,MATCH,
32111231,China,China,MATCH,
34000890,Denmark,Denmark,MATCH,
33603824,Egypt,Egypt,MATCH,
34060634,Finland,Finland,MATCH,
33416858,France,France,MATCH,
33594411,France,France,MATCH,
33994075,France,France,MATCH,
33963857,France,France,MATCH,
34247232,France,France,MATCH,
34245304,France,France,MATCH,
33599248,France,France,MATCH,
34023906,France,France,MATCH,
31452162,"Georgia, United_States",United_States,MATCH,
34122663,Germany,Germany,MATCH,
33211880,Germany,Germany,MATCH,
34323935,Germany,Germany,MATCH,
33793824,Germany,Germany,MATCH,
34265261,Germany,Germany,MATCH,
33724838,Germany,Germany,MATCH,
33689356,Germany,Germany,MATCH,
34316700,Germany,Germany,MATCH,
33847696,Germany,Germany,MATCH,
33948455,Germany,Germany,MATCH,
33430968,Germany,Germany,MATCH,
33080028,Greece,Greece,MATCH,
34303324,Hungary,Hungary,MATCH,
33995478,Hungary,Hungary,MATCH,
32337573,India,"c("" "", ""India"")",MATCH,
33095885,India,"c(""India"", "" "")",MATCH,
32696292,India,"c(""India"", "" "")",MATCH,
34107869,India,India,MATCH,
34235237,India,India,MATCH,
34269889,India,India,MATCH,
33685383,India,India,MATCH,
34048545,India,India,MATCH,
33898816,India,India,MATCH,
33480398,India,India,MATCH,
33238002,India,India,MATCH,
33985433,India,India,MATCH,
33136065,India,India,MATCH,
32493955,India,India,MATCH,
32090261,India,India,MATCH,
32345779,India,India,MATCH,
34188160,India,India,MATCH,
33196841,India,India,MATCH,
33113081,India,India,MATCH,
33465550,India,India,MATCH,
33215706,India,India,MATCH,
34197127,India,India,MATCH,
34107016,Italy,"c(""Italy"", "" "")",MATCH,
33882120,Italy,Italy,MATCH,
33083503,Italy,Italy,MATCH,
34023895,Italy,Italy,MATCH,
33537385,Italy,Italy,MATCH,
33759118,Italy,Italy,MATCH,
33191981,Italy,Italy,MATCH,
33511845,Japan,"c(""Japan"", "" "")",MATCH,
33455583,Japan,Japan,MATCH,
33156332,Japan,Japan,MATCH,
33074547,Japan,Japan,MATCH,
33179747,Japan,Japan,MATCH,
33125081,Japan,Japan,MATCH,
33705530,Japan,Japan,MATCH,
33985559,Japan,Japan,MATCH,
33645624,Japan,Japan,MATCH,
33576798,Japan,Japan,MATCH,
33174597,Japan,Japan,MATCH,
31724722,Japan,Japan,MATCH,
33877858,"Jersey, United_States",United_States,MATCH,
32685631,Malaysia,Malaysia,MATCH,
34142845,Mexico,"c(""Mexico"", "" "")",MATCH,
32382747,NA,NA,NA,
32496513,NA,NA,NA,
33175170,NA,NA,NA,
33106848,NA,NA,NA,
32392583,NA,NA,NA,
32510549,NA,NA,NA,
32436932,NA,NA,NA,
34224351,NA,NA,NA,
33877974,NA,NA,NA,
33909069,NA,NA,NA,
33290552,NA,NA,NA,
33119753,NA,NA,NA,
32632099,Norway,Norway,MATCH,
34330336,Norway,Norway,MATCH,
33053178,Poland,Poland,MATCH,
33247931,Portugal,Portugal,MATCH,
34178036,Russia,Russia,MATCH,
33242091,Russia,Russia,MATCH,
33348264,Serbia,Serbia,MATCH,
32920000,Serbia,Serbia,MATCH,
32291734,Singapore,Singapore,MATCH,
34319727,Slovenia,Slovenia,MATCH,
33252190,Spain,Spain,MATCH,
33942873,Spain,Spain,MATCH,
32818254,Spain,Spain,MATCH,
33510575,Spain,Spain,MATCH,
33655207,Spain,Spain,MATCH,
32976679,Sweden,Sweden,MATCH,
34240464,Sweden,Sweden,MATCH,
33156326,Switzerland,Switzerland,MATCH,
33849055,Switzerland,Switzerland,MATCH,
31665454,Switzerland,Switzerland,MATCH,
34266386,Taiwan,Taiwan,MATCH,
32915954,Taiwan,Taiwan,MATCH,
33485793,Taiwan,Taiwan,MATCH,
32773643,Taiwan,Taiwan,MATCH,
32934277,Thailand,Thailand,MATCH,
34285834,Thailand,Thailand,MATCH,
33258964,Thailand,Thailand,MATCH,
34339611,Turkey,Turkey,MATCH,
33245775,United_Kingdom,"c(""United_Kingdom"", ""United_States"")",NOT MATCH,
34081107,United_Kingdom,United_Kingdom,MATCH,
33813885,United_Kingdom,United_Kingdom,MATCH,
34048576,United_Kingdom,United_Kingdom,MATCH,
33137190,United_Kingdom,United_Kingdom,MATCH,
34136652,United_Kingdom,United_Kingdom,MATCH,
33211879,United_Kingdom,United_Kingdom,MATCH,
33152070,United_Kingdom,United_Kingdom,MATCH,
33647438,United_Kingdom,United_Kingdom,MATCH,
33594085,United_Kingdom,United_Kingdom,MATCH,
31612961,United_Kingdom,United_Kingdom,MATCH,
33950237,United_States,"c(""United_States"", "" "")",MATCH,
33929893,United_States,"c(""United_States"", "" "")",MATCH,
33763309,United_States,United_States,MATCH,
33116744,United_States,United_States,MATCH,
33104772,United_States,United_States,MATCH,
34048547,United_States,United_States,MATCH,
34156448,United_States,United_States,MATCH,
33547946,United_States,United_States,MATCH,
33436076,United_States,United_States,MATCH,
34321100,United_States,United_States,MATCH,
34241085,United_States,United_States,MATCH,
34006627,United_States,United_States,MATCH,
34017945,United_States,United_States,MATCH,
34034817,United_States,United_States,MATCH,
34080131,United_States,United_States,MATCH,
33087719,United_States,United_States,MATCH,
34042771,United_States,United_States,MATCH,
34100240,United_States,United_States,MATCH,
32890396,United_States,United_States,MATCH,
33068428,United_States,United_States,MATCH,
33539887,United_States,United_States,MATCH,
33051688,United_States,United_States,MATCH,
34019655,United_States,United_States,MATCH,
33095860,United_States,United_States,MATCH,
34252924,United_States,United_States,MATCH,
33095870,United_States,United_States,MATCH,
33382886,United_States,United_States,MATCH,
33196830,United_States,United_States,MATCH,
33600011,United_States,United_States,MATCH,
33170210,United_States,United_States,MATCH,
33079988,United_States,United_States,MATCH,
33264401,United_States,United_States,MATCH,
34015823,United_States,United_States,MATCH,
32761142,United_States,United_States,MATCH,
34046592,United_States,United_States,MATCH,
34032471,United_States,United_States,MATCH,
33045727,United_States,United_States,MATCH,
31991337,United_States,United_States,MATCH,
33080015,United_States,United_States,MATCH,
33306801,United_States,United_States,MATCH,
33226064,United_States,United_States,MATCH,
33952239,United_States,United_States,MATCH,
34127402,United_States,United_States,MATCH,
34046172,United_States,United_States,MATCH,
33574307,United_States,United_States,MATCH,
33046717,United_States,United_States,MATCH,
33757430,United_States,United_States,MATCH,
32386298,United_States,United_States,MATCH,
33137183,United_States,United_States,MATCH,
34125008,United_States,United_States,MATCH,
33294866,United_States,United_States,MATCH,
33973408,United_States,United_States,MATCH,
33676930,United_States,United_States,MATCH,
33151290,United_States,United_States,MATCH,
31688940,United_States,United_States,MATCH,
33086069,United_States,United_States,MATCH,